rmse_point,boot_mean,ci95_low,ci95_high
0.3226032506337849,0.3224688549508507,0.3202900594791777,0.3247749244007222
